{"stats":{"minecraft:used":{"minecraft:redstone_torch":2,"minecraft:sticky_piston":486,"minecraft:piston":181,"minecraft:honey_block":210,"minecraft:nether_brick_fence":31,"minecraft:writable_book":1,"minecraft:lava_bucket":3,"minecraft:string":33,"minecraft:powered_rail":183,"minecraft:dispenser":3,"minecraft:redstone":389,"minecraft:slime_block":899,"minecraft:sandstone":1,"minecraft:stone":3,"minecraft:redstone_block":544,"minecraft:oak_leaves":2,"minecraft:tripwire_hook":20,"minecraft:repeater":140,"minecraft:cobblestone":815,"minecraft:written_book":3,"minecraft:end_crystal":490,"minecraft:dead_horn_coral_fan":26,"minecraft:tnt":356,"minecraft:cobblestone_wall":6,"minecraft:white_stained_glass":2417,"minecraft:note_block":32,"minecraft:stone_pressure_plate":7,"minecraft:horn_coral_fan":1,"minecraft:observer":508,"minecraft:oak_fence_gate":213,"minecraft:enchanted_golden_apple":3,"minecraft:obsidian":243},"minecraft:dropped":{"minecraft:piston":1,"minecraft:stone":1,"minecraft:enchanted_golden_apple":61,"minecraft:sandstone":1,"minecraft:totem_of_undying":13,"minecraft:stick":2,"minecraft:redstone":3},"minecraft:picked_up":{"minecraft:sandstone":1,"minecraft:redstone_block":1,"minecraft:repeater":1,"minecraft:dead_horn_coral_fan":1,"minecraft:note_block":1,"minecraft:redstone":4,"minecraft:elytra":1,"minecraft:tnt":1,"minecraft:white_stained_glass":1,"minecraft:sticky_piston":1,"minecraft:firework_rocket":64,"minecraft:dispenser":1,"minecraft:slime_block":1,"minecraft:honey_block":1,"minecraft:oak_fence_gate":1,"minecraft:redstone_torch":1,"minecraft:observer":2,"minecraft:powered_rail":1,"minecraft:obsidian":1,"minecraft:piston":1,"minecraft:oak_leaves":1,"minecraft:cobblestone":1},"minecraft:custom":{"minecraft:time_since_rest":20287,"minecraft:sprint_one_cm":123969,"minecraft:damage_absorbed":40,"minecraft:walk_one_cm":140227,"minecraft:drop":22,"minecraft:damage_dealt":6,"minecraft:tune_noteblock":507,"minecraft:fly_one_cm":3855670,"minecraft:open_chest":1,"minecraft:play_one_minute":2519850,"minecraft:crouch_one_cm":15631,"minecraft:deaths":5,"minecraft:sneak_time":8500,"minecraft:aviate_one_cm":2917410,"minecraft:jump":2035,"minecraft:leave_game":53,"minecraft:time_since_death":20261,"minecraft:damage_resisted":10,"minecraft:fall_one_cm":2464}},"DataVersion":2230}